trigger_sample,onset_sample,delay_ms,trigger_code
12139,12148,8.7890625,28
16192,16210,17.578125,14
20125,20136,10.7421875,10
23819,23839,19.53125,29
27495,27508,12.6953125,22
31394,31399,4.8828125,13
35156,35171,14.6484375,21
38883,38892,8.7890625,26
42662,42680,17.578125,39
46305,46316,10.7421875,34
50341,50360,18.5546875,8
54325,54337,11.71875,32
58379,58399,19.53125,40
62019,62034,14.6484375,10
65747,65754,6.8359375,14
69406,69424,17.578125,35
73066,73076,9.765625,25
76896,76916,19.53125,27
80846,80858,11.71875,37
84679,84698,18.5546875,40
88746,88760,13.671875,32
92611,92617,5.859375,15
96356,96371,14.6484375,27
99964,99973,8.7890625,40
103691,103710,18.5546875,34
107676,107687,10.7421875,12
111439,111458,18.5546875,18
115029,115042,12.6953125,17
118722,118729,6.8359375,6
122570,122586,15.625,34
126161,126170,8.7890625,32
129837,129856,18.5546875,19
133599,133611,11.71875,25
137295,137314,18.5546875,21
141277,141291,13.671875,7
145022,145028,5.859375,3
148955,148970,14.6484375,2
152888,152896,7.8125,26
156820,156838,17.578125,23
160497,160507,9.765625,36
164345,164364,18.5546875,35
168363,168375,11.71875,40
172196,172215,18.5546875,16
176280,176294,13.671875,6
179922,179929,6.8359375,20
183599,183615,15.625,8
187532,187541,8.7890625,6
191413,191432,18.5546875,24
195329,195340,10.7421875,14
199058,199078,19.53125,32
202938,202952,13.671875,21
206803,206809,5.859375,35
210428,210444,15.625,7
214464,214472,7.8125,17
218226,218243,16.6015625,18
222244,222254,9.765625,40
225938,225957,18.5546875,11
229973,229985,11.71875,37
233633,233637,3.90625,16
237446,237460,13.671875,39
241037,241044,6.8359375,7
244662,244679,16.6015625,27
248492,248502,9.765625,20
252357,252376,18.5546875,33
256324,256336,11.71875,28
260276,260295,18.5546875,12
263968,263982,13.671875,24
267952,267958,5.859375,18
271577,271593,15.625,19
275407,275416,8.7890625,13
279323,279341,17.578125,15
282914,282925,10.7421875,40
286848,286868,19.53125,19
290746,290759,12.6953125,31
294696,294701,4.8828125,29
298783,298797,13.671875,8
302510,302518,7.8125,9
306118,306136,17.578125,4
309795,309805,9.765625,12
313523,313543,19.53125,21
317131,317144,12.6953125,3
321183,321188,4.8828125,16
325168,325182,13.671875,40
328759,328766,6.8359375,21
332589,332606,16.6015625,19
336351,336361,9.765625,12
340147,340166,18.5546875,10
343909,343921,11.71875,17
347585,347590,4.8828125,40
351433,351447,13.671875,3
355383,355390,6.8359375,14
359213,359230,16.6015625,28
363300,363309,8.7890625,20
366942,366961,18.5546875,26
370995,371006,10.7421875,3
374945,374965,19.53125,10
378912,378924,11.71875,27
382916,382935,18.5546875,11
386795,386809,13.671875,1
390386,390393,6.8359375,34
394268,394284,15.625,27
397910,397919,8.7890625,24
401792,401811,18.5546875,20
405417,405429,11.71875,22
409110,409115,4.8828125,9
412992,413006,13.671875,26
416942,416949,6.8359375,31
420875,420891,15.625,11
424910,424919,8.7890625,7
428655,428673,17.578125,39
432366,432377,10.7421875,3
436163,436183,19.53125,18
439992,440005,12.6953125,2
443840,443845,4.8828125,22
447927,447941,13.671875,15
451689,451696,6.8359375,29
455724,455741,16.6015625,13
459726,459734,7.8125,25
463795,463813,17.578125,13
467677,467687,9.765625,23
471678,471698,19.53125,13
475714,475726,11.71875,32
479614,479634,19.53125,7
483426,483440,13.671875,8
487444,487450,5.859375,19
491531,491546,14.6484375,26
495567,495574,6.8359375,32
499294,499312,17.578125,39
503245,503254,8.7890625,31
506989,507009,19.53125,30
510871,510883,11.71875,27
514874,514893,18.5546875,33
518737,518750,12.6953125,35
522465,522471,5.859375,6
526466,526481,14.6484375,25
530245,530253,7.8125,7
534298,534315,16.6015625,4
537991,538001,9.765625,29
541788,541807,18.5546875,10
545789,545801,11.71875,40
549482,549487,4.8828125,36
553330,553344,13.671875,33
557006,557013,6.8359375,2
560734,560751,16.6015625,31
564496,564506,9.765625,35
568241,568260,18.5546875,23
571917,571929,11.71875,12
575765,575769,3.90625,28
579492,579507,14.6484375,22
583477,583484,6.8359375,39
587512,587528,15.625,13
591291,591300,8.7890625,12
595070,595089,18.5546875,36
599020,599031,10.7421875,7
602715,602735,19.53125,40
606749,606762,12.6953125,37
610597,610602,4.8828125,1
614581,614596,14.6484375,13
618189,618197,7.8125,22
622242,622259,16.6015625,7
666034,666051,16.6015625,7
669728,669738,9.765625,1
673370,673390,19.53125,5
677269,677281,11.71875,32
680894,680899,4.8828125,11
684878,684893,14.6484375,3
688572,688579,6.8359375,24
692624,692641,16.6015625,23
696643,696651,7.8125,9
700507,700526,18.5546875,30
704594,704604,9.765625,17
708237,708257,19.53125,30
712016,712028,11.71875,10
716051,716056,4.8828125,16
720087,720101,13.671875,17
723985,723992,6.8359375,23
727645,727661,15.625,40
731646,731655,8.7890625,2
735682,735700,17.578125,1
739427,739437,9.765625,38
743531,743550,18.5546875,12
747566,747578,11.71875,11
751208,751213,4.8828125,24
754885,754899,13.671875,2
758749,758757,7.8125,25
762580,762596,15.625,35
766427,766436,8.7890625,30
770018,770037,18.5546875,29
773797,773809,11.71875,36
777886,777905,18.5546875,10
781475,781489,13.671875,2
785151,785158,6.8359375,23
788930,788947,16.6015625,6
792709,792719,9.765625,36
796454,796473,18.5546875,3
800302,800313,10.7421875,28
803978,803983,4.8828125,26
807911,807925,13.671875,20
811878,811885,6.8359375,28
815555,815571,15.625,35
819522,819530,7.8125,9
823609,823626,16.6015625,17
827473,827483,9.765625,16
831509,831528,18.5546875,23
835390,835402,11.71875,35
838998,839003,4.8828125,36
843000,843014,13.671875,21
846950,846956,5.859375,9
850985,851001,15.625,20
855038,855046,7.8125,25
858646,858664,17.578125,28
862682,862692,9.765625,37
866717,866736,18.5546875,30
870513,870525,11.71875,35
874139,874143,3.90625,12
877935,877949,13.671875,15
881953,881960,6.8359375,26
885937,885953,15.625,35
889716,889725,8.7890625,14
893461,893480,18.5546875,39
897206,897217,10.7421875,18
900850,900869,18.5546875,3
904833,904846,12.6953125,27
908800,908805,4.8828125,21
912733,912748,14.6484375,38
916768,916775,6.8359375,35
920428,920445,16.6015625,24
924224,924233,8.7890625,10
928020,928039,18.5546875,33
931987,931999,11.71875,7
935939,935958,18.5546875,23
940007,940020,12.6953125,22
943735,943740,4.8828125,11
947360,947376,15.625,20
951139,951147,7.8125,6
955157,955175,17.578125,17
959193,959203,9.765625,4
963109,963128,18.5546875,22
966888,966900,11.71875,10
970823,970842,18.5546875,31
974463,974477,13.671875,13
978156,978164,7.8125,4
981850,981867,16.6015625,5
985800,985809,8.7890625,28
989494,989513,18.5546875,18
993375,993387,11.71875,7
997173,997193,19.53125,29
1000968,1000981,12.6953125,2
1004712,1004719,6.8359375,30
1008714,1008730,15.625,32
1012595,1012604,8.7890625,9
1016460,1016478,17.578125,23
1020068,1020079,10.7421875,33
1023729,1023748,18.5546875,20
1027712,1027725,12.6953125,24
1031713,1031718,4.8828125,7
1035766,1035780,13.671875,9
1039459,1039466,6.8359375,18
1043409,1043426,16.6015625,34
1047086,1047095,8.7890625,11
1051172,1051191,18.5546875,10
1054763,1054775,11.71875,24
1058630,1058649,18.5546875,16
1062270,1062284,13.671875,31
1066254,1066261,6.8359375,33
1069999,1070015,15.625,5
1073949,1073958,8.7890625,27
1077574,1077593,18.5546875,4
1081473,1081484,10.7421875,10
1085151,1085171,19.53125,4
1089168,1089181,12.6953125,32
1093050,1093055,4.8828125,16
1096658,1096673,14.6484375,22
1100437,1100445,7.8125,20
1104062,1104080,17.578125,17
1108046,1108057,10.7421875,28
1111877,1111897,19.53125,13
1115758,1115771,12.6953125,20
1119640,1119645,4.8828125,29
1123556,1123570,13.671875,18
1127284,1127291,6.8359375,30
1131148,1131165,16.6015625,5
1135030,1135039,8.7890625,1
1138928,1138947,18.5546875,24
1142827,1142838,10.7421875,34
1146454,1146473,18.5546875,20
1150539,1150552,12.6953125,2
1154438,1154443,4.8828125,40
1158114,1158130,15.625,27
1162116,1162123,6.8359375,28
1165912,1165929,16.6015625,5
1169725,1169735,9.765625,15
1173368,1173387,18.5546875,28
1177454,1177466,11.71875,36
1181474,1181494,19.53125,12
1185560,1185573,12.6953125,26
1189287,1189293,5.859375,15
1193340,1193355,14.6484375,38
1197290,1197297,6.8359375,19
1201326,1201342,15.625,29
1205344,1205353,8.7890625,37
1208935,1208954,18.5546875,8
1212953,1212965,11.71875,27
1216648,1216668,19.53125,2
1220665,1220679,13.671875,16
1224410,1224416,5.859375,32
1228206,1228222,15.625,24
1232242,1232250,7.8125,40
1236141,1236158,16.6015625,39
1240074,1240083,8.7890625,12
1244007,1244026,18.5546875,37
1247854,1247866,11.71875,6
1251857,1251876,18.5546875,2
1255686,1255699,12.6953125,39
1259379,1259385,5.859375,32
1263107,1263123,15.625,25
1267040,1267048,7.8125,14
1271076,1271093,16.6015625,30
1274855,1274865,9.765625,8
1278907,1278927,19.53125,18
1323931,1323948,16.6015625,18
1327813,1327822,8.7890625,29
1331814,1331833,18.5546875,26
1335490,1335502,11.71875,13
1339237,1339257,19.53125,31
1343219,1343233,13.671875,1
1346947,1346954,6.8359375,8
1350572,1350589,16.6015625,2
1354300,1354309,8.7890625,34
1358250,1358269,18.5546875,7
1362046,1362058,11.71875,2
1365656,1365676,19.53125,15
1369433,1369447,13.671875,14
1373520,1373526,5.859375,13
1377334,1377349,14.6484375,2
1381369,1381377,7.8125,18
1385456,1385473,16.6015625,8
1389132,1389142,9.765625,25
1392826,1392846,19.53125,17
1396571,1396583,11.71875,34
1400299,1400304,4.8828125,35
1404334,1404348,13.671875,29
1408233,1408240,6.8359375,27
1411824,1411841,16.6015625,13
1415774,1415783,8.7890625,37
1419758,1419776,17.578125,38
1423811,1423821,9.765625,29
1427505,1427525,19.53125,14
1431266,1431279,12.6953125,2
1435165,1435170,4.8828125,8
1438841,1438857,15.625,15
1442809,1442816,6.8359375,34
1446502,1446520,17.578125,40
1450486,1450496,9.765625,15
1454505,1454524,18.5546875,21
1458215,1458227,11.71875,11
1462150,1462170,19.53125,19
1466116,1466129,12.6953125,6
1469792,1469798,5.859375,9
1473486,1473502,15.625,22
1477572,1477581,8.7890625,26
1481625,1481643,17.578125,25
1485712,1485721,8.7890625,40
1489440,1489459,18.5546875,25
1493475,1493487,11.71875,8
1497512,1497532,19.53125,12
1501495,1501508,12.6953125,4
1505274,1505280,5.859375,8
1509002,1509017,14.6484375,39
1512712,1512721,8.7890625,14
1516406,1516424,17.578125,7
1520288,1520298,9.765625,22
1524068,1524087,18.5546875,27
1527726,1527739,12.6953125,35
1531454,1531460,5.859375,5
1535404,1535419,14.6484375,36
1539029,1539037,7.8125,6
1542654,1542672,17.578125,27
1546433,1546444,10.7421875,18
1550077,1550096,18.5546875,27
1553957,1553970,12.6953125,32
1557753,1557759,5.859375,8
1561464,1561480,15.625,11
1565516,1565524,7.8125,32
1569552,1569569,16.6015625,13
1573536,1573546,9.765625,19
1577350,1577369,18.5546875,27
1581197,1581209,11.71875,36
1584841,1584861,19.53125,28
1588516,1588530,13.671875,6
1592158,1592165,6.8359375,16
1595971,1595988,16.6015625,29
1599699,1599709,9.765625,16
1603410,1603429,18.5546875,28
1607206,1607218,11.71875,2
1611260,1611280,19.53125,38
1614969,1614983,13.671875,16
1618868,1618874,5.859375,14
1622818,1622834,15.625,1
1626819,1626827,7.8125,27
1630667,1630684,16.6015625,3
1634326,1634337,10.7421875,36
1638208,1638228,19.53125,8
1641952,1641965,12.6953125,26
1645732,1645737,4.8828125,17
1649425,1649440,14.6484375,5
1653478,1653485,6.8359375,7
1657462,1657479,16.6015625,14
1661053,1661063,9.765625,12
1664747,1664766,18.5546875,32
1668372,1668384,11.71875,6
1672219,1672224,4.8828125,38
1676203,1676218,14.6484375,18
1680068,1680075,6.8359375,15
1683967,1683983,15.625,4
1687592,1687601,8.7890625,24
1691320,1691339,18.5546875,31
1694962,1694974,11.71875,24
1698553,1698558,4.8828125,17
1702554,1702569,14.6484375,20
1706333,1706340,6.8359375,34
1710078,1710095,16.6015625,6
1713772,1713781,8.7890625,4
1717756,1717775,18.5546875,13
1721757,1721768,10.7421875,16
1725760,1725779,18.5546875,21
1729486,1729499,12.6953125,16
1733351,1733357,5.859375,38
1737232,1737248,15.625,21
1741046,1741054,7.8125,15
1744722,1744740,17.578125,5
1748467,1748477,9.765625,30
1752059,1752078,18.5546875,19
1755888,1755901,12.6953125,28
1759633,1759639,5.859375,17
1763224,1763240,15.625,22
1767294,1767302,7.8125,40
1771090,1771108,17.578125,20
1774835,1774845,9.765625,11
1778700,1778719,18.5546875,29
1782393,1782406,12.6953125,1
1786018,1786024,5.859375,9
1789643,1789659,15.625,7
1793234,1793243,8.7890625,15
1797013,1797032,18.5546875,3
1800604,1800616,11.71875,26
1804402,1804421,18.5546875,1
1808453,1808466,12.6953125,30
1812044,1812050,5.859375,11
1815926,1815941,14.6484375,14
1819927,1819935,7.8125,34
1823860,1823877,16.6015625,33
1827707,1827717,9.765625,36
1831794,1831813,18.5546875,34
1835813,1835824,10.7421875,36
1839661,1839681,19.53125,1
1843576,1843589,12.6953125,26
1847423,1847429,5.859375,12
1851459,1851474,14.6484375,1
1855152,1855160,7.8125,28
1858795,1858812,16.6015625,39
1862574,1862584,9.765625,30
1866661,1866680,18.5546875,1
1870645,1870657,11.71875,39
1874460,1874479,18.5546875,17
1878049,1878063,13.671875,33
1882136,1882142,5.859375,9
1885881,1885897,15.625,3
1889848,1889856,7.8125,33
1893541,1893560,18.5546875,13
1897440,1897451,10.7421875,33
1901493,1901513,19.53125,38
1905528,1905541,12.6953125,37
1909173,1909193,19.53125,23
1913223,1913238,14.6484375,4
1917019,1917026,6.8359375,28
1920679,1920696,16.6015625,30
1924355,1924365,9.765625,20
1928083,1928102,18.5546875,36
1931794,1931806,11.71875,38
1984598,1984610,11.71875,38
1988223,1988228,4.8828125,22
1992241,1992255,13.671875,1
1996243,1996249,5.859375,40
2000124,2000140,15.625,9
2004126,2004134,7.8125,34
2007853,2007871,17.578125,22
2011650,2011660,9.765625,12
2015464,2015483,18.5546875,2
2019430,2019442,11.71875,37
2023192,2023197,4.8828125,18
2026920,2026935,14.6484375,5
2030613,2030621,7.8125,10
2034563,2034580,16.6015625,1
2038513,2038523,9.765625,7
2042412,2042431,18.5546875,32
2046089,2046100,10.7421875,1
2049835,2049855,19.53125,33
2053493,2053507,13.671875,12
2057409,2057415,5.859375,33
2061085,2061102,16.6015625,23
2064710,2064720,9.765625,26
2068541,2068560,18.5546875,36
2072166,2072178,11.71875,4
2075774,2075779,4.8828125,26
2079724,2079738,13.671875,40
2083434,2083442,7.8125,6
2087333,2087350,16.6015625,5
2091061,2091071,9.765625,19
2094789,2094808,18.5546875,39
2098841,2098853,11.71875,16
2102929,2102949,19.53125,20
2106622,2106635,12.6953125,37
2110520,2110526,5.859375,13
2114368,2114383,14.6484375,14
2117976,2117984,7.8125,38
2121704,2121722,17.578125,1
2125654,2125664,9.765625,21
2129451,2129470,18.5546875,23
2133383,2133395,11.71875,19
2137401,2137406,4.8828125,2
2141283,2141297,13.671875,14
2144976,2144984,7.8125,31
2148756,2148772,15.625,34
2152620,2152629,8.7890625,1
2156211,2156230,18.5546875,35
2159973,2159985,11.71875,28
2163820,2163825,4.8828125,34
2167617,2167631,13.671875,37
2171293,2171300,6.8359375,14
2174987,2175004,16.6015625,24
2178612,2178622,9.765625,3
2182408,2182428,19.53125,32
2186324,2186336,11.71875,29
2190361,2190381,19.53125,19
2194241,2194255,13.671875,21
2198311,2198316,4.8828125,37
2202346,2202361,14.6484375,11
2206296,2206304,7.8125,21
2210075,2210092,16.6015625,39
2214179,2214188,8.7890625,37
2218061,2218080,18.5546875,36
2221840,2221851,10.7421875,20
2225911,2225930,18.5546875,10
2229706,2229719,12.6953125,23
2233297,2233303,5.859375,34
2237281,2237296,14.6484375,3
2241129,2241136,6.8359375,7
2244890,2244908,17.578125,19
2248670,2248680,9.765625,9
2252756,2252776,19.53125,24
2256792,2256803,10.7421875,13
2260658,2260678,19.53125,3
2264384,2264398,13.671875,6
2268146,2268153,6.8359375,10
2272028,2272044,15.625,15
2275807,2275816,8.7890625,25
2279449,2279468,18.5546875,19
2283074,2283086,11.71875,17
2286821,2286840,18.5546875,13
2290547,2290561,13.671875,26
2294480,2294486,5.859375,9
2298190,2298207,16.6015625,15
2302089,2302098,8.7890625,23
2305868,2305887,18.5546875,29
2309955,2309966,10.7421875,21
2313786,2313806,19.53125,36
2317872,2317884,11.71875,9
2321910,2321929,18.5546875,2
2325499,2325513,13.671875,9
2329398,2329404,5.859375,31
2333177,2333193,15.625,38
2336904,2336914,9.765625,27
2340837,2340856,18.5546875,31
2344633,2344645,11.71875,37
2348346,2348365,18.5546875,5
2352192,2352205,12.6953125,37
2356227,2356233,5.859375,4
2360023,2360039,15.625,31
2363905,2363913,7.8125,5
2367547,2367565,17.578125,26
2371531,2371542,10.7421875,21
2375345,2375364,18.5546875,25
2379124,2379136,11.71875,23
2383022,2383027,4.8828125,15
2387109,2387123,13.671875,2
2391059,2391066,6.8359375,36
2395061,2395076,14.6484375,23
2398840,2398848,7.8125,21
2402619,2402637,17.578125,20
2406654,2406664,9.765625,16
2410280,2410300,19.53125,34
2414110,2414122,11.71875,2
2417923,2417928,4.8828125,27
2421600,2421615,14.6484375,14
2425481,2425489,7.8125,17
2429072,2429090,17.578125,1
2432697,2432708,10.7421875,37
2436443,2436463,19.53125,19
2440187,2440200,12.6953125,15
2444205,2444211,5.859375,36
2447831,2447846,14.6484375,17
2451644,2451652,7.8125,37
2455372,2455389,16.6015625,2
2459202,2459212,9.765625,33
2462794,2462813,18.5546875,16
2466435,2466448,12.6953125,30
2470471,2470476,4.8828125,37
2474216,2474231,14.6484375,7
2478063,2478071,7.8125,38
2481671,2481689,17.578125,3
2485604,2485614,9.765625,29
2489349,2489369,19.53125,38
2493025,2493038,12.6953125,25
2496668,2496673,4.8828125,9
2500737,2500752,14.6484375,1
2504345,2504353,7.8125,18
2508261,2508278,16.6015625,12
2512297,2512306,8.7890625,3
2515973,2515992,18.5546875,17
2519957,2519969,11.71875,38
2523636,2523655,18.5546875,31
2527259,2527273,13.671875,27
2531106,2531113,6.8359375,29
2535176,2535192,15.625,15
2539126,2539135,8.7890625,37
2543025,2543043,17.578125,28
2546701,2546712,10.7421875,15
2550686,2550706,19.53125,10
2554687,2554699,11.71875,34
2558295,2558300,4.8828125,23
2562040,2562055,14.6484375,7
2566127,2566134,6.8359375,37
2570231,2570247,15.625,27
2574129,2574138,8.7890625,25
2577755,2577773,17.578125,26
2581500,2581511,10.7421875,8
2585587,2585607,19.53125,38
2589212,2589225,12.6953125,5
2593250,2593270,19.53125,22
2638545,2638564,18.5546875,22
2642529,2642541,11.71875,36
2646273,2646278,4.8828125,27
2649899,2649913,13.671875,19
2653797,2653805,7.8125,32
2657576,2657593,16.6015625,12
2661612,2661621,8.7890625,31
2665254,2665273,18.5546875,2
2669170,2669181,10.7421875,10
2672900,2672919,18.5546875,22
2676882,2676896,13.671875,25
2680507,2680514,6.8359375,4
2684320,2684337,16.6015625,27
2688373,2688381,7.8125,6
2692050,2692068,17.578125,29
2695692,2695703,10.7421875,31
2699284,2699304,19.53125,6
2703096,2703110,13.671875,37
2706892,2706898,5.859375,32
2710654,2710670,15.625,30
2714416,2714425,8.7890625,36
2718041,2718060,18.5546875,15
2721718,2721729,10.7421875,33
2725669,2725689,19.53125,31
2729464,2729477,12.6953125,32
2733414,2733420,5.859375,23
2737449,2737465,15.625,38
2741331,2741339,7.8125,33
2745179,2745196,16.6015625,39
2749231,2749240,8.7890625,24
2752839,2752859,19.53125,30
2756499,2756511,11.71875,14
2760468,2760487,18.5546875,15
2764262,2764276,13.671875,22
2768246,2768253,6.8359375,3
2772128,2772144,15.625,38
2776061,2776069,7.8125,14
2779703,2779721,17.578125,25
2783431,2783442,10.7421875,30
2787279,2787299,19.53125,22
2791331,2791344,12.6953125,33
2795007,2795013,5.859375,30
2798923,2798938,14.6484375,2
2802582,2802590,7.8125,35
2806567,2806584,16.6015625,16
2810500,2810509,8.7890625,1
2814433,2814452,18.5546875,23
2818058,2818070,11.71875,31
2822044,2822063,18.5546875,25
2825650,2825664,13.671875,15
2829412,2829419,6.8359375,24
2833465,2833481,15.625,28
2837449,2837457,7.8125,11
2841536,2841553,16.6015625,40
2845400,2845410,9.765625,26
2849402,2849421,18.5546875,10
2853198,2853210,11.71875,5
2856823,2856828,4.8828125,6
2860893,2860907,13.671875,23
2864757,2864764,6.8359375,20
2868536,2868552,15.625,21
2872127,2872136,8.7890625,18
2875735,2875755,19.53125,9
2879514,2879526,11.71875,6
2883364,2883383,18.5546875,14
2886953,2886967,13.671875,27
2890783,2890790,6.8359375,39
2894579,2894596,16.6015625,5
2898683,2898692,8.7890625,2
2902445,2902464,18.5546875,29
2906481,2906491,9.765625,30
2910517,2910536,18.5546875,21
2914552,2914564,11.71875,17
2918228,2918233,4.8828125,26
2922041,2922056,14.6484375,5
2925632,2925640,7.8125,39
2929360,2929377,16.6015625,11
2933225,2933234,8.7890625,36
2937209,2937228,18.5546875,37
2941091,2941102,10.7421875,22
2945179,2945198,18.5546875,17
2949179,2949192,12.6953125,3
2953214,2953219,4.8828125,37
2956976,2956991,14.6484375,3
2960995,2961002,6.8359375,4
2964688,2964705,16.6015625,16
2968348,2968357,8.7890625,33
2971990,2972010,19.53125,32
2975872,2975884,11.71875,26
2979909,2979928,18.5546875,29
2983737,2983751,13.671875,9
2987739,2987745,5.859375,27
2991774,2991790,15.625,23
2995502,2995510,7.8125,3
2999298,2999316,17.578125,13
3003300,3003310,9.765625,17
3006959,3006979,19.53125,11
3010995,3011007,11.71875,25
3015083,3015103,19.53125,32
3019168,3019181,12.6953125,4
3022862,3022868,5.859375,21
3026760,3026776,15.625,24
3030540,3030548,7.8125,27
3034250,3034268,17.578125,10
3038303,3038313,9.765625,18
3042185,3042204,18.5546875,23
3045810,3045822,11.71875,8
3049540,3049560,19.53125,31
3053436,3053451,14.6484375,4
3057027,3057035,7.8125,30
3060806,3060824,17.578125,12
3064585,3064595,9.765625,34
3068399,3068418,18.5546875,31
3072280,3072292,11.71875,16
3076128,3076132,3.90625,5
3079736,3079750,13.671875,17
3083617,3083625,7.8125,14
3087242,3087260,17.578125,3
3091227,3091236,8.7890625,9
3094903,3094923,19.53125,16
3098528,3098541,12.6953125,12
3102581,3102585,3.90625,13
3106445,3106460,14.6484375,9
3110361,3110368,6.8359375,21
3114175,3114191,15.625,12
3118193,3118201,7.8125,8
3122126,3122144,17.578125,5
3125956,3125967,10.7421875,31
3129582,3129602,19.53125,39
3133309,3133322,12.6953125,27
3137139,3137145,5.859375,15
3140816,3140832,15.625,32
3144527,3144535,7.8125,35
3148186,3148204,17.578125,38
3151811,3151822,10.7421875,39
3155557,3155577,19.53125,38
3159472,3159485,12.6953125,23
3163507,3163513,5.859375,14
3167286,3167302,15.625,37
3171168,3171176,7.8125,34
3174827,3174845,17.578125,39
3178692,3178702,9.765625,4
3182471,3182491,19.53125,18
3186370,3186382,11.71875,32
3190251,3190256,4.8828125,17
3194236,3194250,13.671875,39
3198100,3198107,6.8359375,15
3202187,3202203,15.625,17
3205898,3205906,7.8125,10
3209625,3209644,18.5546875,19
3213610,3213620,9.765625,8
3217253,3217272,18.5546875,20
3221185,3221198,12.6953125,30
3225032,3225038,5.859375,3
3229017,3229031,13.671875,35
3232642,3232649,6.8359375,34
3236233,3236250,16.6015625,17
3240285,3240295,9.765625,8
3244270,3244289,18.5546875,30
3248356,3248368,11.71875,31
3280229,3280243,13.671875,31
3284059,3284066,6.8359375,3
3287838,3287855,16.6015625,25
3291549,3291558,8.7890625,1
3295174,3295193,18.5546875,20
3298799,3298811,11.71875,7
3302544,3302549,4.8828125,21
3306203,3306218,14.6484375,40
3309982,3309990,7.8125,14
3313676,3313693,16.6015625,9
3317540,3317551,10.7421875,39
3321320,3321339,18.5546875,21
3324927,3324940,12.6953125,33
3328912,3328917,4.8828125,10
3332964,3332979,14.6484375,12
3337000,3337006,5.859375,16
3340830,3340846,15.625,13
3344609,3344618,8.7890625,29
3348354,3348373,18.5546875,5
3352304,3352315,10.7421875,20
3355948,3355967,18.5546875,39
3359640,3359654,13.671875,36
3363333,3363340,6.8359375,32
3367386,3367402,15.625,2
3371268,3371276,7.8125,5
3374961,3374979,17.578125,9
3378586,3378597,10.7421875,37
3382401,3382420,18.5546875,31
3386162,3386175,12.6953125,26
3390180,3390185,4.8828125,27
3393805,3393821,15.625,5
3397687,3397695,7.8125,35
3401569,3401586,16.6015625,15
3405655,3405665,9.765625,13
3409246,3409266,19.53125,28
3412889,3412901,11.71875,21
3416856,3416860,3.90625,34
3420618,3420632,13.671875,24
3424670,3424677,6.8359375,26
3428586,3428602,15.625,6
3432211,3432220,8.7890625,33
3435836,3435855,18.5546875,26
3439889,3439900,10.7421875,14
3443977,3443996,18.5546875,29
3447909,3447921,11.71875,17
3451842,3451847,4.8828125,19
3455604,3455618,13.671875,14
3459434,3459441,6.8359375,26
3463042,3463059,16.6015625,28
3466787,3466797,9.765625,31
3470840,3470859,18.5546875,22
3474653,3474665,11.71875,19
3478434,3478453,18.5546875,11
3482194,3482208,13.671875,4
3486024,3486031,6.8359375,38
3489906,3489922,15.625,6
3493736,3493745,8.7890625,3
3497567,3497585,17.578125,12
3501500,3501510,9.765625,29
3505604,3505623,18.5546875,32
3509554,3509566,11.71875,27
3513591,3513610,18.5546875,7
3517419,3517433,13.671875,11
3521438,3521444,5.859375,15
3525200,3525216,15.625,35
3528945,3528953,7.8125,13
3532997,3533015,17.578125,6
3536930,3536940,9.765625,18
3541017,3541036,18.5546875,21
3545121,3545132,10.7421875,30
3548782,3548801,18.5546875,34
3552508,3552522,13.671875,14
3556458,3556464,5.859375,20
3560306,3560321,14.6484375,35
3563965,3563974,8.7890625,18
3567795,3567814,18.5546875,33
3571660,3571671,10.7421875,27
3575286,3575306,19.53125,9
3579064,3579077,12.6953125,11
3582963,3582969,5.859375,16
3586896,3586911,14.6484375,24
3590589,3590597,7.8125,37
3594368,3594386,17.578125,9
3597959,3597970,10.7421875,40
3601961,3601981,19.53125,33
3605791,3605804,12.6953125,22
3609416,3609422,5.859375,31
3613332,3613347,14.6484375,12
3617368,3617375,6.8359375,40
3621027,3621044,16.6015625,29
3624909,3624918,8.7890625,28
3628944,3628963,18.5546875,10
3632963,3632973,9.765625,8
3636862,3636882,19.53125,36
3640811,3640824,12.6953125,5
3644573,3644579,5.859375,8
3648284,3648299,14.6484375,34
3652234,3652242,7.8125,19
3656235,3656252,16.6015625,4
3660288,3660297,8.7890625,19
3663947,3663966,18.5546875,34
3667538,3667550,11.71875,38
3671163,3671168,4.8828125,9
3675182,3675196,13.671875,32
3679115,3679121,5.859375,33
3682723,3682739,15.625,14
3686382,3686392,9.765625,6
3689990,3690010,19.53125,28
3693684,3693696,11.71875,38
3697687,3697707,19.53125,32
3701704,3701717,12.6953125,5
3705688,3705694,5.859375,4
3709398,3709414,15.625,7
3713280,3713288,7.8125,20
3717076,3717094,17.578125,40
3720821,3720832,10.7421875,30
3724584,3724604,19.53125,13
3728584,3728597,12.6953125,40
3732192,3732198,5.859375,8
3736091,3736106,14.6484375,28
3740127,3740134,6.8359375,25
3743855,3743872,16.6015625,37
3747839,3747848,8.7890625,29
3751567,3751586,18.5546875,7
3755670,3755682,11.71875,26
3759502,3759522,19.53125,18
3763417,3763430,12.6953125,25
3767315,3767321,5.859375,22
3771300,3771315,14.6484375,34
3775027,3775035,7.8125,28
3779012,3779029,16.6015625,27
3782996,3783005,8.7890625,16
3786809,3786828,18.5546875,18
3790486,3790497,10.7421875,10
3794386,3794406,19.53125,3
3798112,3798126,13.671875,19
3801942,3801949,6.8359375,40
3805636,3805652,15.625,4
3809552,3809561,8.7890625,3
3813622,3813640,17.578125,23
3817435,3817445,9.765625,27
3821317,3821337,19.53125,22
3825267,3825279,11.71875,5
3828892,3828897,4.8828125,34
3832773,3832788,14.6484375,21
3836569,3836577,7.8125,29
3840451,3840468,16.6015625,3
3844504,3844513,8.7890625,20
3848437,3848455,17.578125,19
3852216,3852227,10.7421875,33
3855808,3855828,19.53125,24
3859483,3859497,13.671875,21
3863194,3863201,6.8359375,5
3867041,3867058,16.6015625,29
3870974,3870983,8.7890625,33
3874599,3874618,18.5546875,17
3878327,3878339,11.71875,36
3882279,3882298,18.5546875,25
3886244,3886258,13.671875,38
3889993,3890012,18.5546875,4
3907876,3907881,4.8828125,4
3911808,3911823,14.6484375,39
3915844,3915851,6.8359375,40
3919520,3919537,16.6015625,31
3923265,3923275,9.765625,23
3927267,3927285,17.578125,10
3931371,3931381,9.765625,25
3935253,3935273,19.53125,3
3938860,3938874,13.671875,30
3942913,3942918,4.8828125,6
3946743,3946758,14.6484375,12
3950539,3950547,7.8125,19
3954609,3954626,16.6015625,23
3958200,3958210,9.765625,37
3961945,3961965,19.53125,33
3965792,3965805,12.6953125,18
3969435,3969440,4.8828125,24
3973333,3973348,14.6484375,9
3976924,3976932,7.8125,12
3980652,3980669,16.6015625,6
3984551,3984561,9.765625,11
3988381,3988401,19.53125,6
3992160,3992172,11.71875,40
3995768,3995773,4.8828125,18
3999599,3999613,13.671875,36
4003378,4003385,6.8359375,13
4007105,4007123,17.578125,27
4010765,4010775,9.765625,38
4014732,4014751,18.5546875,2
4018733,4018745,11.71875,4
4022378,4022397,18.5546875,2
4026052,4026066,13.671875,32
4029746,4029753,6.8359375,31
4033439,4033456,16.6015625,9
4037184,4037194,9.765625,29
4041031,4041051,19.53125,34
4045067,4045078,10.7421875,29
4049070,4049089,18.5546875,11
4053070,4053083,12.6953125,5
4056712,4056718,5.859375,38
4060457,4060472,14.6484375,7
4064338,4064347,8.7890625,31
4068425,4068442,16.6015625,10
4072170,4072180,9.765625,36
4075949,4075969,19.53125,19
4079899,4079911,11.71875,37
4083610,4083615,4.8828125,25
4087611,4087625,13.671875,31
4091253,4091260,6.8359375,19
4095152,4095169,16.6015625,22
4098777,4098787,9.765625,16
4102830,4102849,18.5546875,27
4106900,4106910,9.765625,34
4110697,4110716,18.5546875,4
4114475,4114488,12.6953125,34
4118459,4118464,4.8828125,5
4122307,4122321,13.671875,14
4125932,4125940,7.8125,36
4129625,4129643,17.578125,39
4133575,4133585,9.765625,23
4137577,4137596,18.5546875,11
4141527,4141538,10.7421875,35
4145222,4145242,19.53125,37
4149256,4149269,12.6953125,17
4153103,4153109,5.859375,29
4157139,4157154,14.6484375,6
4160884,4160892,7.8125,19
4164509,4164527,17.578125,3
4168339,4168350,10.7421875,34
4172051,4172070,18.5546875,30
4176103,4176115,11.71875,15
4180138,4180143,4.8828125,6
4183815,4183829,13.671875,30
4187918,4187925,6.8359375,4
4191509,4191526,16.6015625,35
4195100,4195110,9.765625,3
4198726,4198745,18.5546875,5
4202522,4202534,11.71875,33
4206352,4206357,4.8828125,15
4209977,4209992,14.6484375,11
4213637,4213644,6.8359375,13
4217740,4217757,16.6015625,18
4221366,4221375,8.7890625,38
4225418,4225437,18.5546875,40
4229112,4229124,11.71875,5
4233200,4233220,19.53125,23
4236790,4236804,13.671875,2
4240466,4240473,6.8359375,11
4244245,4244262,16.6015625,9
4248041,4248050,8.7890625,8
4251649,4251669,19.53125,14
4255651,4255662,10.7421875,19
4259551,4259570,18.5546875,7
4263328,4263342,13.671875,10
4266971,4266977,5.859375,9
4270596,4270612,15.625,28
4274460,4274469,8.7890625,40
4278137,4278156,18.5546875,1
4281728,4281740,11.71875,14
4285782,4285802,19.53125,8
4289628,4289642,13.671875,23
4293715,4293720,4.8828125,25
4297767,4297782,14.6484375,33
4301837,4301844,6.8359375,4
4305873,4305889,15.625,37
4309942,4309951,8.7890625,39
4313824,4313842,17.578125,6
4317483,4317494,10.7421875,32
4321366,4321385,18.5546875,34
4324956,4324969,12.6953125,10
4328821,4328826,4.8828125,21
4332822,4332837,14.6484375,10
4336652,4336660,7.8125,37
4340243,4340261,17.578125,35
4344279,4344288,8.7890625,10
4348007,4348026,18.5546875,38
4351922,4351934,11.71875,11
4355704,4355723,18.5546875,34
4359481,4359495,13.671875,9
4363362,4363369,6.8359375,35
4367158,4367175,16.6015625,4
4371108,4371117,8.7890625,1
4374887,4374906,18.5546875,22
4378786,4378797,10.7421875,6
4382498,4382517,18.5546875,21
4386447,4386460,12.6953125,22
4390534,4390539,4.8828125,4
4394484,4394498,13.671875,40
4398263,4398270,6.8359375,24
4401888,4401905,16.6015625,32
4405975,4405984,8.7890625,20
4409754,4409773,18.5546875,15
4413550,4413561,10.7421875,31
4417228,4417248,19.53125,40
4420852,4420866,13.671875,13
4424596,4424603,6.8359375,30
4428410,4428426,15.625,26
4432206,4432215,8.7890625,30
4436105,4436123,17.578125,28
4439901,4439912,10.7421875,33
4443801,4443820,18.5546875,37
4447630,4447643,12.6953125,26
4451375,4451381,5.859375,11
4455102,4455118,15.625,26
4458864,4458873,8.7890625,16
4462490,4462508,17.578125,8
4466081,4466092,10.7421875,40
4470083,4470103,19.53125,28
4473724,4473738,13.671875,7
4477503,4477510,6.8359375,36
4481505,4481520,14.6484375,2
4485249,4485258,8.7890625,3
4488840,4488859,18.5546875,11
4492722,4492733,10.7421875,30
4496366,4496385,18.5546875,25
4500126,4500140,13.671875,20
4504233,4504253,19.53125,3
4508009,4508025,15.625,40
4511908,4511916,7.8125,35
4515943,4515961,17.578125,22
